ori,agency_name,location,location_type,county
sc0080000,berkeley-county-sheriffs-office,berkeley,county,berkeley
sc0010000,abbeville-county-sheriffs-office,abbeville,county,abbeville
sc0010100,abbeville-police-department,abbeville,city-town,abbeville
sc0010200,calhoun-falls-police-department,calhoun-falls,city-town,abbeville
sc0010400,due-west-police-department,due-west,city-town,abbeville
sc0012600,state-transport-police:-abbeville-county,abbeville,county,abbeville
sc001990x,department-of-health-and-environmental-control-drug-control:,abbeville,county,abbeville
sc0019e00,erskine-college,due-west,city-town,abbeville
sc001fc00,forestry-commission:-abbeville-county,abbeville,county,abbeville
sc001nr00,department-of-natural-resources:-abbeville-county,abbeville,county,abbeville
sc001sp00,highway-patrol:-abbeville-county,abbeville,county,abbeville
sc0020000,aiken-county-sheriffs-office,aiken,county,aiken
sc0020100,aiken-police-department,aiken,city-town,aiken
sc0020300,north-augusta-police-department,north-augusta,city-town,aiken
sc0020400,burnettown-police-department,bath,city-town,aiken
sc0020500,jackson-police-department,jackson,city-town,aiken
sc0020600,new-ellenton-police-department,new-ellenton,city-town,aiken
sc0020700,salley-police-department,salley,city-town,aiken
sc0020800,wagener-police-department,wagener,city-town,aiken
sc0021000,united-states-department-of-energy-savannah-river-plant,aiken,county,aiken
sc0021400,perry-police-department,perry,city-town,aiken
sc0021500,university-of-south-carolina:-aiken,aiken,city-town,aiken
sc0022600,state-transport-police:-aiken-county,aiken,county,aiken
sc002990x,department-of-health-and-environmental-control-drug-control:,aiken,county,aiken
sc002fc00,forestry-commission:-aiken-county,aiken,county,aiken
sc002nr00,department-of-natural-resources:-aiken-county,aiken,county,aiken
sc002sp00,highway-patrol:-aiken-county,aiken,county,aiken
sc0030000,allendale-county-sheriffs-office,allendale,county,allendale
sc0030100,allendale-police-department,allendale,city-town,allendale
sc0030200,fairfax-police-department,fairfax,city-town,allendale
sc0032600,state-transport-police:-allendale-county,allendale,county,allendale
sc003fc00,forestry-commission:-allendale-county,allendale,county,allendale
sc003nr00,department-of-natural-resources:-allendale-county,allendale,county,allendale
sc003sp00,highway-patrol:-allendale-county,allendale,county,allendale
sc0040000,anderson-county-sheriffs-office,anderson,county,anderson
sc0040100,anderson-police-department,anderson,city-town,anderson
sc0040200,belton-police-department,belton,city-town,anderson
sc0040300,honea-path-police-department,honea-path,city-town,anderson
sc0040400,pendleton-police-department,pendleton,city-town,anderson
sc0040500,williamston-police-department,williamston,city-town,anderson
sc0040600,iva-police-department,duncan,city-town,anderson
sc0041000,west-pelzer-police-department,west-pelzer,city-town,anderson
sc0041100,tri-county-technical-college,anderson,county,anderson
sc0042600,state-transport-police:-anderson-county,anderson,county,anderson
sc004990x,department-of-health-and-environmental-control-drug-control:,anderson,county,anderson
sc004fc00,forestry-commission:-anderson-county,anderson,county,anderson
sc004nr00,department-of-natural-resources:-anderson-county,anderson,county,anderson
sc004sp00,highway-patrol:-anderson-county,anderson,county,anderson
sc0050000,bamberg-county-sheriffs-office,bamberg,county,bamberg
sc0050100,bamberg-police-department,bamberg,city-town,bamberg
sc0050200,denmark-police-department,denmark,city-town,bamberg
sc0050300,ehrhardt-police-department,ehrhardt,city-town,bamberg
sc0050400,olar-police-department,olar,city-town,bamberg
sc0050500,denmark-technical-college,denmark,city-town,bamberg
sc0052600,state-transport-police:-bamberg-county,bamberg,county,bamberg
sc005fc00,forestry-commission:-bamberg-county,bamberg,county,bamberg
sc005nr00,department-of-natural-resources:-bamberg-county,bamberg,county,bamberg
sc005sp00,highway-patrol:-bamberg-county,bamberg,county,bamberg
sc0060000,barnwell-county-sheriffs-office,barnwell,county,barnwell
sc0060100,barnwell-police-department,barnwell,city-town,barnwell
sc0060200,williston-police-department,williston,city-town,barnwell
sc0060300,blackville-police-department,blackville,city-town,barnwell
sc0062600,state-transport-police:-barnwell-county,barnwell,county,barnwell
sc006990x,department-of-health-and-environmental-control-drug-control:,barnwell,county,barnwell
sc006fc00,forestry-commission:-barnwell-county,barnwell,county,barnwell
sc006nr00,department-of-natural-resources:-barnwell-county,barnwell,county,barnwell
sc006sp00,highway-patrol:-barnwell-county,barnwell,county,barnwell
sc0070000,beaufort-county-sheriffs-office,beaufort,county,beaufort
sc0070100,beaufort-police-department,beaufort,city-town,beaufort
sc0070200,bluffton-police-department,bluffton,city-town,beaufort
sc0070300,port-royal-police-department,port-royal,city-town,beaufort
sc0070500,university-of-south-carolina:-beaufort,bluffton,city-town,beaufort
sc0072600,state-transport-police:-beaufort-county,beaufort,county,beaufort
sc007990x,department-of-health-and-environmental-control-drug-control:,beaufort,county,beaufort
sc007fc00,forestry-commission:-beaufort-county,beaufort,county,beaufort
sc007nr00,department-of-natural-resources:-beaufort-county,beaufort,county,beaufort
sc007sp00,highway-patrol:-beaufort-county,beaufort,county,beaufort
sc0080100,moncks-corner-police-department,moncks-corner,city-town,berkeley
sc0080200,bonneau-police-department,bonneau,city-town,berkeley
sc0080300,goose-creek-police-department,goose-creek,city-town,berkeley
sc0080400,jamestown-police-department,jamestown,city-town,berkeley
sc0080500,st.-stephen-police-department,st.-stephen,city-town,berkeley
sc0080600,hanahan-police-department,hanahan,city-town,berkeley
sc0080800,santee-cooper,berkeley,county,berkeley
sc0082600,state-transport-police:-berkeley-county,berkeley,county,berkeley
sc008990x,department-of-health-and-environmental-control-drug-control:,berkeley,county,berkeley
sc008fc00,forestry-commission:-berkeley-county,berkeley,county,berkeley
sc008nr00,department-of-natural-resources:-berkeley-county,berkeley,county,berkeley
sc008sp00,highway-patrol:-berkeley-county,berkeley,county,berkeley
sc0090000,calhoun-county-sheriffs-office,calhoun,county,calhoun
sc0090100,cameron-police-department,cameron,city-town,calhoun
sc0090200,st.-matthews-police-department,st.-matthews,city-town,calhoun
sc0092600,state-transport-police:-calhoun-county,calhoun,county,calhoun
sc009990x,department-of-health-and-environmental-control-drug-control:,calhoun,county,calhoun
sc009fc00,forestry-commission:-calhoun-county,calhoun,county,calhoun
sc009nr00,department-of-natural-resources:-calhoun-county,calhoun,county,calhoun
sc009sp00,highway-patrol:-calhoun-county,calhoun,county,calhoun
sc0100000,charleston-county-sheriffs-office,charleston,county,charleston
sc0100100,charleston-police-department,charleston,city-town,charleston
sc0100300,mount-pleasant-police-department,mount-pleasant,city-town,charleston
sc0100400,folly-beach-police-department,folly-beach,city-town,charleston
sc0100500,isle-of-palms-police-department,isle-of-palms,city-town,charleston
sc0100600,lincolnville-police-department,lincolnville,city-town,charleston
sc0100700,sullivans-island-police-department,sullivans-island,city-town,charleston
sc0100800,north-charleston-police-department,north-charleston,city-town,charleston
sc0100900,medical-university-of-south-carolina,charleston,city-town,charleston
sc0101100,the-citadel,charleston,county,charleston
sc0101200,trident-technical-college,charleston,city-town,charleston
sc0101300,state-ports-authority,charleston,county,charleston
sc0101500,charleston-county-aviation-authority,charleston,county,charleston
sc0101700,college-of-charleston,charleston,city-town,charleston
sc0102600,state-transport-police:-charleston-county,charleston,county,charleston
sc010990x,department-of-health-and-environmental-control-drug-control:,charleston,county,charleston
sc010fc00,forestry-commission:-charleston-county,charleston,county,charleston
sc010nr00,department-of-natural-resources:-charleston-county,charleston,county,charleston
sc010sp00,highway-patrol:-charleston-county,charleston,county,charleston
sc0110000,cherokee-county-sheriffs-office,cherokee,county,cherokee
sc0110100,blacksburg-police-department,blacksburg,city-town,cherokee
sc0110200,gaffney-police-department,gaffney,city-town,cherokee
sc0112600,state-transport-police:-cherokee-county,cherokee,county,cherokee
sc011fc00,forestry-commission:-cherokee-county,cherokee,county,cherokee
sc011nr00,department-of-natural-resources:-cherokee-county,cherokee,county,cherokee
sc011sp00,highway-patrol:-cherokee-county,cherokee,county,cherokee
sc0120000,chester-county-sheriffs-office,chester,county,chester
sc0120100,chester-police-department,chester,city-town,chester
sc0120200,great-falls-police-department,great-falls,city-town,chester
sc0120300,fort-lawn-police-department,fort-lawn,city-town,chester
sc0122600,state-transport-police:-chester-county,chester,county,chester
sc012990x,department-of-health-and-environmental-control-drug-control:,chester,county,chester
sc012fc00,forestry-commission:-chester-county,chester,county,chester
sc012nr00,department-of-natural-resources:-chester-county,chester,county,chester
sc012sp00,highway-patrol:-chester-county,chester,county,chester
sc0130000,chesterfield-county-sheriffs-office,chesterfield,county,chesterfield
sc0130100,cheraw-police-department,cheraw,city-town,chesterfield
sc0130200,chesterfield-police-department,chesterfield,city-town,chesterfield
sc0130400,mcbee-police-department,mcbee,city-town,chesterfield
sc0130500,pageland-police-department,pageland,city-town,chesterfield
sc0132600,state-transport-police:-chesterfield-county,chesterfield,county,chesterfield
sc013fc00,forestry-commission:-chesterfield-county,chesterfield,county,chesterfield
sc013nr00,department-of-natural-resources:-chesterfield-county,chesterfield,county,chesterfield
sc013sp00,highway-patrol:-chesterfield-county,chesterfield,county,chesterfield
sc0140000,clarendon-county-sheriffs-office,clarendon,county,clarendon
sc0140100,manning-police-department,manning,city-town,clarendon
sc0140200,summerton-police-department,summerton,city-town,clarendon
sc0140300,turbeville-police-department,turbeville,city-town,clarendon
sc0142600,state-transport-police:-clarendon-county,clarendon,county,clarendon
sc014fc00,forestry-commission:-clarendon-county,clarendon,county,clarendon
sc014nr00,department-of-natural-resources:-clarendon-county,clarendon,county,clarendon
sc014sp00,highway-patrol:-clarendon-county,clarendon,county,clarendon
sc0150000,colleton-county-sheriffs-office,colleton,county,colleton
sc0150100,walterboro-police-department,walterboro,city-town,colleton
sc0150200,edisto-beach-police-department,edisto-beach,city-town,colleton
sc0150300,cottageville-police-department,cottageville,city-town,colleton
sc0152600,state-transport-police:-colleton-county,colleton,county,colleton
sc015990x,department-of-health-and-environmental-control-drug-control:,colleton,county,colleton
sc015fc00,forestry-commission:-colleton-county,colleton,county,colleton
sc015nr00,department-of-natural-resources:-colleton-county,colleton,county,colleton
sc015sp00,highway-patrol:-colleton-county,colleton,county,colleton
sc0160000,darlington-county-sheriffs-office,darlington,county,darlington
sc0160100,darlington-police-department,darlington,city-town,darlington
sc0160200,hartsville-police-department,hartsville,city-town,darlington
sc0160300,lamar-police-department,lamar,city-town,darlington
sc0160400,society-hill-police-department,society-hill,city-town,darlington
sc0162600,state-transport-police:-darlington-county,darlington,county,darlington
sc016990x,department-of-health-and-environmental-control-drug-control:,darlington,county,darlington
sc016fc00,forestry-commission:-darlington-county,darlington,county,darlington
sc016nr00,department-of-natural-resources:-darlington-county,darlington,county,darlington
sc016sp00,highway-patrol:-darlington-county,darlington,county,darlington
sc0170000,dillon-county-sheriffs-office,dillon,county,dillon
sc0170100,dillon-police-department,dillon,city-town,dillon
sc0170200,lake-view-police-department,lake-view,city-town,dillon
sc0170300,latta-police-department,latta,city-town,dillon
sc0172600,state-transport-police:-dillon-county,dillon,county,dillon
sc017990x,department-of-health-and-environmental-control-drug-control:,dillon,county,dillon
sc017fc00,forestry-commission:-dillon-county,dillon,county,dillon
sc017nr00,department-of-natural-resources:-dillon-county,dillon,county,dillon
sc017sp00,highway-patrol:-dillon-county,dillon,county,dillon
sc0180000,dorchester-county-sheriffs-office,dorchester,county,dorchester
sc0180100,st.-george-police-department,st.-george,city-town,dorchester
sc0180200,summerville-police-department,summerville,city-town,dorchester
sc0180300,harleyville-police-department,harleyville,city-town,dorchester
sc0180400,ridgeville-police-department,ridgeville,city-town,dorchester
sc0182600,state-transport-police:-dorchester-county,dorchester,county,dorchester
sc018990x,department-of-health-and-environmental-control-drug-control:,dorchester,county,dorchester
sc018fc00,forestry-commission:-dorchester-county,dorchester,county,dorchester
sc018nr00,department-of-natural-resources:-dorchester-county,dorchester,county,dorchester
sc018sp00,highway-patrol:-dorchester-county,dorchester,county,dorchester
sc0190000,edgefield-county-sheriffs-office,edgefield,county,edgefield
sc0190100,edgefield-police-department,edgefield,city-town,edgefield
sc0190200,johnston-police-department,johnston,city-town,edgefield
sc0190300,trenton-police-department,trenton,city-town,edgefield
sc0192600,state-transport-police:-edgefield-county,edgefield,county,edgefield
sc019fc00,forestry-commission:-edgefield-county,edgefield,county,edgefield
sc019nr00,department-of-natural-resources:-edgefield-county,edgefield,county,edgefield
sc019sp00,highway-patrol:-edgefield-county,edgefield,county,edgefield
sc0200000,fairfield-county-sheriffs-office,fairfield,county,fairfield
sc0200100,winnsboro-police-department,winnsboro,city-town,fairfield
sc020209e,foxville-and-northern-railroad,fairfield,county,fairfield
sc0202600,state-transport-police:-fairfield-county,fairfield,county,fairfield
sc020fc00,forestry-commission:-fairfield-county,fairfield,county,fairfield
sc020nr00,department-of-natural-resources:-fairfield-county,fairfield,county,fairfield
sc020sp00,highway-patrol:-fairfield-county,fairfield,county,fairfield
sc0210000,florence-county-sheriffs-office,florence,county,florence
sc0210100,florence-police-department,florence,city-town,florence
sc0210200,lake-city-police-department,lake-city,city-town,florence
sc0210300,coward-police-department,coward,city-town,florence
sc0210400,johnsonville-police-department,johnsonville,city-town,florence
sc0210500,olanta-police-department,olanta,city-town,florence
sc0210600,pamplico-police-department,pamplico,city-town,florence
sc0210700,quinby-police-department,quinby,city-town,florence
sc0210800,scranton-police-department,scranton,city-town,florence
sc0210900,timmonsville-police-department,timmonsville,city-town,florence
sc0211000,francis-marion-university,florence,city-town,florence
sc0211300,florence-regional-airport,florence,city-town,florence
sc0212600,state-transport-police:-florence-county,florence,county,florence
sc021990x,department-of-health-and-environmental-control-drug-control:,florence,county,florence
sc021fc00,forestry-commission:-florence-county,florence,county,florence
sc021nr00,department-of-natural-resources:-florence-county,florence,county,florence
sc021sp00,highway-patrol:-florence-county,florence,county,florence
sc0220000,georgetown-county-sheriffs-office,georgetown,county,georgetown
sc0220100,andrews-police-department,andrews,city-town,georgetown
sc0220200,georgetown-police-department,georgetown,city-town,georgetown
sc0220300,pawleys-island-police-department,pawleys-island,city-town,georgetown
sc0222600,state-transport-police:-georgetown-county,georgetown,county,georgetown
sc022fc00,forestry-commission:-georgetown-county,georgetown,county,georgetown
sc022nr00,department-of-natural-resources:-georgetown-county,georgetown,county,georgetown
sc022sp00,highway-patrol:-georgetown-county,georgetown,county,georgetown
sc0230000,greenville-county-sheriffs-office,greenville,county,greenville
sc0230100,fountain-inn-police-department,fountain-inn,city-town,greenville
sc0230200,greenville-police-department,greenville,city-town,greenville
sc0230300,greer-police-department,greer,city-town,greenville
sc0230400,mauldin-police-department,mauldin,city-town,greenville
sc0230500,simpsonville-police-department,simpsonville,city-town,greenville
sc0230600,travelers-rest-police-department,travelers-rest,city-town,greenville
sc0230700,greenville-technical-college,greenville,city-town,greenville
sc0231000,furman-university,greenville,city-town,greenville
sc0231200,north-greenville-college,tigerville,city-town,greenville
sc0231900,bob-jones-university,greenville,city-town,greenville
sc0232600,state-transport-police:-greenville-county,greenville,county,greenville
sc0233000,greenville-hospital,greenville,city-town,greenville
sc023990x,department-of-health-and-environmental-control-drug-control:,greenville,county,greenville
sc023fc00,forestry-commission:-greenville-county,greenville,county,greenville
sc023nr00,department-of-natural-resources:-greenville-county,greenville,county,greenville
sc023sp00,highway-patrol:-greenville-county,greenville,county,greenville
sc0240000,greenwood-county-sheriffs-office,greenwood,county,greenwood
sc0240100,greenwood-police-department,greenwood,city-town,greenwood
sc0240200,ware-shoals-police-department,ware-shoals,city-town,greenwood
sc0240400,ninety-six-police-department,ninety-six,city-town,greenwood
sc0240500,lander-university,greenwood,city-town,greenwood
sc0242600,state-transport-police:-greenwood-county,greenwood,county,greenwood
sc024990x,department-of-health-and-environmental-control-drug-control:,greenwood,county,greenwood
sc024fc00,forestry-commission:-greenwood-county,greenwood,county,greenwood
sc024nr00,department-of-natural-resources:-greenwood-county,greenwood,county,greenwood
sc024sp00,highway-patrol:-greenwood-county,greenwood,county,greenwood
sc0250000,hampton-county-sheriffs-office,hampton,county,hampton
sc0250200,estill-police-department,estill,city-town,hampton
sc0250300,hampton-police-department,hampton,city-town,hampton
sc0250400,varnville-police-department,varnville,city-town,hampton
sc0250500,gifford-police-department,gifford,city-town,hampton
sc0250600,yemassee-police-department,yemassee,city-town,hampton
sc0252600,state-transport-police:-hampton-county,hampton,county,hampton
sc025fc00,forestry-commission:-hampton-county,hampton,county,hampton
sc025nr00,department-of-natural-resources:-hampton-county,hampton,county,hampton
sc025sp00,highway-patrol:-hampton-county,hampton,county,hampton
sc0260000,horry-county-sheriffs-office,horry,county,horry
sc0260100,atlantic-beach-police-department,north-myrtle-beach,city-town,horry
sc0260200,conway-police-department,conway,city-town,horry
sc0260300,aynor-police-department,aynor,city-town,horry
sc0260400,horry-county-police-department,horry,county,horry
sc0260500,loris-police-department,loris,city-town,horry
sc0260600,myrtle-beach-police-department,myrtle-beach,city-town,horry
sc0260700,north-myrtle-beach-police-department,north-myrtle-beach,city-town,horry
sc0260800,surfside-beach-police-department,surfside-beach,city-town,horry
sc0260900,15th-circuit-drug-enforcement-unit,horry,county,horry
sc0261000,coastal-carolina-university,conway,city-town,horry
sc0261100,briarcliffe-acres-police-department,myrtle-beach,city-town,horry
sc0262600,state-transport-police:-horry-county,horry,county,horry
sc026990x,department-of-health-and-environmental-control-drug-control:,horry,county,horry
sc026fc00,forestry-commission:-horry-county,horry,county,horry
sc026nr00,department-of-natural-resources:-horry-county,horry,county,horry
sc026sp00,highway-patrol:-horry-county,horry,county,horry
sc0270000,jasper-county-sheriffs-office,jasper,county,jasper
sc0270100,hardeeville-police-department,hardeeville,city-town,jasper
sc0270200,ridgeland-police-department,ridgeland,city-town,jasper
sc0272600,state-transport-police:-jasper-county,jasper,county,jasper
sc027990x,department-of-health-and-environmental-control-drug-control:,jasper,county,jasper
sc027fc00,forestry-commission:-jasper-county,jasper,county,jasper
sc027nr00,department-of-natural-resources:-jasper-county,jasper,county,jasper
sc027sp00,highway-patrol:-jasper-county,jasper,county,jasper
sc0280000,kershaw-county-sheriffs-office,kershaw,county,kershaw
sc0280100,camden-police-department,camden,city-town,kershaw
sc0280200,bethune-police-department,bethune,city-town,kershaw
sc0280400,elgin-police-department,elgin,city-town,kershaw
sc0282600,state-transport-police:-kershaw-county,kershaw,county,kershaw
sc028990x,department-of-health-and-environmental-control-drug-control:,kershaw,county,kershaw
sc028fc00,forestry-commission:-kershaw-county,kershaw,county,kershaw
sc028nr00,department-of-natural-resources:-kershaw-county,kershaw,county,kershaw
sc028sp00,highway-patrol:-kershaw-county,kershaw,county,kershaw
sc0290000,lancaster-county-sheriffs-office,lancaster,county,lancaster
sc0290100,lancaster-police-department,lancaster,city-town,lancaster
sc0292600,state-transport-police:-lancaster-county,lancaster,county,lancaster
sc029990x,department-of-health-and-environmental-control-drug-control:,lancaster,county,lancaster
sc029fc00,forestry-commission:-lancaster-county,lancaster,county,lancaster
sc029nr00,department-of-natural-resources:-lancaster-county,lancaster,county,lancaster
sc029sp00,highway-patrol:-lancaster-county,lancaster,county,lancaster
sc0300000,laurens-county-sheriffs-office,laurens,county,laurens
sc0300100,laurens-police-department,laurens,city-town,laurens
sc0300200,clinton-police-department,clinton,city-town,laurens
sc0300700,laurens-hospital,laurens,city-town,laurens
sc0302600,state-transport-police:-laurens-county,laurens,county,laurens
sc0309e00,presbyterian-college,clinton,city-town,laurens
sc030fc00,forestry-commission:-laurens-county,laurens,county,laurens
sc030nr00,department-of-natural-resources:-laurens-county,laurens,county,laurens
sc030sp00,highway-patrol:-laurens-county,laurens,county,laurens
sc0310000,lee-county-sheriffs-office,lee,county,lee
sc0310100,bishopville-police-department,bishopville,city-town,lee
sc0312600,state-transport-police:-lee-county,lee,county,lee
sc031fc00,forestry-commission:-lee-county,lee,county,lee
sc031nr00,department-of-natural-resources:-lee-county,lee,county,lee
sc031sp00,highway-patrol:-lee-county,lee,county,lee
sc0320000,lexington-county-sheriffs-office,lexington,county,lexington
sc0320100,batesburg-leesville-police-department,batesburg-leesville,city-town,lexington
sc0320200,cayce-police-department,cayce,city-town,lexington
sc0320400,lexington-police-department,lexington,city-town,lexington
sc0320500,west-columbia-police-department,west-columbia,city-town,lexington
sc0320600,chapin-police-department,chapin,city-town,lexington
sc0320700,irmo-police-department,irmo,city-town,lexington
sc0320800,pelion-police-department,pelion,city-town,lexington
sc0320900,pine-ridge-police-department,west-columbia,city-town,lexington
sc0321000,south-congaree-police-department,west-columbia,city-town,lexington
sc0321100,springdale-police-department,springdale,city-town,lexington
sc0321200,swansea-police-department,swansea,city-town,lexington
sc0321300,columbia-metropolitan-airport,west-columbia,city-town,lexington
sc0321400,gaston-police-department,gaston,city-town,lexington
sc0321600,midlands-technical-college,columbia,city-town,lexington
sc0321700,lexington-county-medical-center,lexington,county,lexington
sc0322600,state-transport-police:-lexington-county,lexington,county,lexington
sc032289e,atlantic-railways,west-columbia,city-town,lexington
sc032990x,department-of-health-and-environmental-control-drug-control:,lexington,county,lexington
sc032fc00,forestry-commission:-lexington-county,lexington,county,lexington
sc032nr00,department-of-natural-resources:-lexington-county,lexington,county,lexington
sc032sp00,highway-patrol:-lexington-county,lexington,county,lexington
sc0330000,mccormick-county-sheriffs-office,mccormick,county,mccormick
sc0330100,mccormick-police-department,mccormick,city-town,mccormick
sc0332600,state-transport-police:-mccormick-county,mccormick,county,mccormick
sc033fc00,forestry-commission:-mccormick-county,mccormick,county,mccormick
sc033nr00,department-of-natural-resources:-mccormick-county,mccormick,county,mccormick
sc033sp00,highway-patrol:-mccormick-county,mccormick,county,mccormick
sc0340000,marion-county-sheriffs-office,marion,county,marion
sc0340100,marion-police-department,florence,city-town,marion
sc0340200,mullins-police-department,mullins,city-town,marion
sc0340300,nichols-police-department,nichols,city-town,marion
sc0342600,state-transport-police:-marion-county,marion,county,marion
sc034fc00,forestry-commission:-marion-county,marion,county,marion
sc034nr00,department-of-natural-resources:-marion-county,marion,county,marion
sc034sp00,highway-patrol:-marion-county,marion,county,marion
sc0350000,marlboro-county-sheriffs-office,marlboro,county,marlboro
sc0350100,bennettsville-police-department,bennettsville,city-town,marlboro
sc0350200,mccoll-police-department,mccoll,city-town,marlboro
sc0350300,clio-police-department,clio,city-town,marlboro
sc0352600,state-transport-police:-marlboro-county,marlboro,county,marlboro
sc035990x,department-of-health-and-environmental-control-drug-control:,marlboro,county,marlboro
sc035fc00,forestry-commission:-marlboro-county,marlboro,county,marlboro
sc035nr00,department-of-natural-resources:-marlboro-county,marlboro,county,marlboro
sc035sp00,highway-patrol:-marlboro-county,marlboro,county,marlboro
sc0360000,newberry-county-sheriffs-office,newberry,county,newberry
sc0360100,newberry-police-department,newberry,city-town,newberry
sc0360200,whitmire-police-department,whitmire,city-town,newberry
sc0360500,prosperity-police-department,prosperity,city-town,newberry
sc0362600,state-transport-police:-newberry-county,newberry,county,newberry
sc036fc00,forestry-commission:-newberry-county,newberry,county,newberry
sc036nr00,department-of-natural-resources:-newberry-county,newberry,county,newberry
sc036sp00,highway-patrol:-newberry-county,newberry,county,newberry
sc0370000,oconee-county-sheriffs-office,oconee,county,oconee
sc0370100,seneca-police-department,seneca,city-town,oconee
sc0370200,walhalla-police-department,walhalla,city-town,oconee
sc0370300,westminster-police-department,westminster,city-town,oconee
sc0370400,west-union-police-department,west-union,city-town,oconee
sc0370500,salem-police-department,salem,city-town,oconee
sc0370700,oconee-hospital,oconee,city-town,oconee
sc0372600,state-transport-police:-oconee-county,oconee,county,oconee
sc037990x,department-of-health-and-environmental-control-drug-control:,oconee,county,oconee
sc037fc00,forestry-commission:-oconee-county,oconee,county,oconee
sc037nr00,department-of-natural-resources:-oconee-county,oconee,county,oconee
sc037sp00,highway-patrol:-oconee-county,oconee,county,oconee
sc0380000,orangeburg-county-sheriffs-office,orangeburg,county,orangeburg
sc0380100,orangeburg-police-department,orangeburg,city-town,orangeburg
sc0380200,branchville-police-department,branchville,city-town,orangeburg
sc0380300,bowman-police-department,bowman,city-town,orangeburg
sc0380500,elloree-police-department,elloree,city-town,orangeburg
sc0380600,eutawville-police-department,eutawville,city-town,orangeburg
sc0380700,holly-hill-police-department,holly-hill,city-town,orangeburg
sc0380800,north-police-department,north,city-town,orangeburg
sc0380900,norway-police-department,norway,city-town,orangeburg
sc0381000,springfield-police-department,springfield,city-town,orangeburg
sc0381100,santee-police-department,santee,city-town,orangeburg
sc0381200,south-carolina-state-university,orangeburg,city-town,orangeburg
sc0381400,orangeburg-calhoun-technical-college,orangeburg,city-town,orangeburg
sc0382600,state-transport-police:-orangeburg-county,orangeburg,county,orangeburg
sc038990x,department-of-health-and-environmental-control-drug-control:,orangeburg,county,orangeburg
sc038fc00,forestry-commission:-orangeburg-county,orangeburg,county,orangeburg
sc038nr00,department-of-natural-resources:-orangeburg-county,orangeburg,county,orangeburg
sc038sp00,highway-patrol:-orangeburg-county,orangeburg,county,orangeburg
sc0390000,pickens-county-sheriffs-office,pickens,county,pickens
sc0390100,central-police-department,central,city-town,pickens
sc0390200,clemson-police-department,clemson,city-town,pickens
sc0390300,easley-police-department,easley,city-town,pickens
sc0390400,liberty-police-department,liberty,city-town,pickens
sc0390500,pickens-police-department,pickens,city-town,pickens
sc0390600,clemson-university,clemson,city-town,pickens
sc0392600,state-transport-police:-pickens-county,pickens,county,pickens
sc039990x,department-of-health-and-environmental-control-drug-control:,pickens,county,pickens
sc039fc00,forestry-commission:-pickens-county,pickens,county,pickens
sc039nr00,department-of-natural-resources:-pickens-county,pickens,county,pickens
sc039sp00,highway-patrol:-pickens-county,pickens,county,pickens
sc0400000,richland-county-sheriffs-office,richland,county,richland
sc0400100,columbia-police-department,columbia,city-town,richland
sc0400400,forest-acres-police-department,columbia,city-town,richland
sc0400600,university-of-south-carolina:-columbia,columbia,city-town,richland
sc0401200,department-of-mental-health,columbia,city-town,richland
sc0401400,state-museum,columbia,city-town,richland
sc040219e,columbia-college,columbia,city-town,richland
sc0402600,state-transport-police:-richland-county,richland,county,richland
sc0403300,department-of-public-safety-illegal-immigration-enforcement-unit,richland,county,richland
sc0408e00,benedict-college,columbia,city-town,richland
sc040990x,department-of-health-and-environmental-control-drug-control:,richland,county,richland
sc040bp00,bureau-of-protective-services,blythewood,city-town,anderson
sc040fc00,forestry-commission:-richland-county,richland,county,richland
sc040nr00,department-of-natural-resources:-richland-county,richland,county,richland
sc040sp00,highway-patrol:-richland-county,richland,county,richland
sc0410000,saluda-county-sheriffs-office,saluda,county,saluda
sc0410100,saluda-police-department,saluda,city-town,saluda
sc0410200,ridge-spring-police-department,ridge-spring,city-town,saluda
sc0412600,state-transport-police:-saluda-county,saluda,county,saluda
sc041fc00,forestry-commission:-saluda-county,saluda,county,saluda
sc041nr00,department-of-natural-resources:-saluda-county,saluda,county,saluda
sc041sp00,highway-patrol:-saluda-county,saluda,county,saluda
sc0420000,spartanburg-county-sheriffs-office,spartanburg,county,spartanburg
sc0420100,spartanburg-police-department,spartanburg,city-town,spartanburg
sc0420200,woodruff-police-department,woodruff,city-town,spartanburg
sc0420300,duncan-police-department,duncan,city-town,spartanburg
sc0420500,campobello-police-department,campobello,city-town,spartanburg
sc0420600,chesnee-police-department,chesnee,city-town,spartanburg
sc0420700,cowpens-police-department,cowpens,city-town,spartanburg
sc0420900,inman-police-department,inman,city-town,spartanburg
sc0421000,landrum-police-department,landrum,city-town,spartanburg
sc0421100,lyman-police-department,lyman,city-town,spartanburg
sc0421200,pacolet-police-department,pacolet,city-town,spartanburg
sc0421300,wellford-police-department,wellford,city-town,spartanburg
sc0421400,university-of-south-carolina:-upstate,spartanburg,city-town,spartanburg
sc042169e,spartanburg-methodist-college,spartanburg,city-town,spartanburg
sc0422600,state-transport-police:-spartanburg-county,spartanburg,county,spartanburg
sc042279e,wofford-college,spartanburg,city-town,spartanburg
sc0422800,greenville-spartanburg-international-airport,spartanburg,county,spartanburg
sc0423000,south-carolina-school-for-the-deaf-and-blind,spartanburg,county,spartanburg
sc042990x,department-of-health-and-environmental-control-drug-control:,spartanburg,county,spartanburg
sc042fc00,forestry-commission:-spartanburg-county,spartanburg,county,spartanburg
sc042nr00,department-of-natural-resources:-spartanburg-county,spartanburg,county,spartanburg
sc042sp00,highway-patrol:-spartanburg-county,spartanburg,county,spartanburg
sc0430000,sumter-county-sheriffs-office,sumter,county,sumter
sc0430100,sumter-police-department,sumter,city-town,sumter
sc0432600,state-transport-police:-sumter-county,sumter,county,sumter
sc043990x,department-of-health-and-environmental-control-drug-control:,sumter,county,sumter
sc043fc00,forestry-commission:-sumter-county,sumter,county,sumter
sc043nr00,department-of-natural-resources:-sumter-county,sumter,county,sumter
sc043sp00,highway-patrol:-sumter-county,sumter,county,sumter
sc0440000,union-county-sheriffs-office,union,county,union
sc0440100,union-police-department,west-union,city-town,union
sc0440300,jonesville-police-department,jonesville,city-town,union
sc0442600,state-transport-police:-union-county,union,county,union
sc044fc00,forestry-commission:-union-county,union,county,union
sc044nr00,department-of-natural-resources:-union-county,union,county,union
sc044sp00,highway-patrol:-union-county,union,county,union
sc0450000,williamsburg-county-sheriffs-office,williamsburg,county,williamsburg
sc0450100,hemingway-police-department,hemingway,city-town,williamsburg
sc0450200,kingstree-police-department,kingstree,city-town,williamsburg
sc0450400,greeleyville-police-department,greeleyville,city-town,williamsburg
sc0450500,lane-police-department,lane,city-town,williamsburg
sc0452600,state-transport-police:-williamsburg-county,williamsburg,county,williamsburg
sc045990x,department-of-health-and-environmental-control-drug-control:,williamsburg,county,williamsburg
sc045fc00,forestry-commission:-williamsburg-county,williamsburg,county,williamsburg
sc045nr00,department-of-natural-resources:-williamsburg-county,williamsburg,county,williamsburg
sc045sp00,highway-patrol:-williamsburg-county,williamsburg,county,williamsburg
sc0460000,york-county-sheriffs-office,york,county,york
sc0460100,clover-police-department,clover,city-town,york
sc0460200,fort-mill-police-department,fort-mill,city-town,york
sc0460300,rock-hill-police-department,rock-hill,city-town,york
sc0460400,york-police-department,york,city-town,york
sc0460500,tega-cay-police-department,tega-cay,city-town,york
sc0460600,winthrop-university,rock-hill,city-town,york
sc0460700,york-technical-college,york,city-town,york
sc0462600,state-transport-police:-york-county,york,county,york
sc046990x,department-of-health-and-environmental-control-drug-control:,york,county,york
sc046fc00,forestry-commission:-york-county,york,county,york
sc046nr00,department-of-natural-resources:-york-county,york,county,york
sc046sp00,highway-patrol:-york-county,york,county,york
